ID,Name,Surname,Phone,Email
1900000001,John,Doe,123456789,john.doe@example.com
1900000002,Jane,Smith,987654321,jane.smith@example.com
1900000003,Bob,Johnson,555123456,bob.johnson@example.com
1900000004,Alice,Williams,111223344,alice.williams@example.com
2000000001,Charlie,Brown,999888777,charlie.brown@example.com
2000000002,Emma,Johnson,444555666,emma.johnson@example.com
2000000003,Michael,Anderson,777666555,michael.anderson@example.com
2000000004,Olivia,Davis,222333444,olivia.davis@example.com
2100000001,William,Miller,666555444,william.miller@example.com
2100000002,Sophia,Taylor,333444555,sophia.taylor@example.com
2100000003,Matthew,Clark,888777666,matthew.clark@example.com
2100000004,Grace,White,333222111,grace.white@example.com
2100000005,Daniel,Walker,555444333,daniel.walker@example.com
2100000006,Lily,Hill,999111222,lily.hill@example.com
2100000007,Christopher,Martin,111999888,christopher.martin@example.com
2100000008,Sophie,Moore,666777888,sophie.moore@example.com
2200000009,James,Baker,777888999,james.baker@example.com
2200000010,Ava,Harris,444333222,ava.harris@example.com
2200000011,Benjamin,Carter,222111000,benjamin.carter@example.com
2200000012,Charlotte,Turner,888000111,charlotte.turner@example.com
2200000013,Andrew,Ward,666111222,andrew.ward@example.com
2200000014,Ella,Cooper,333444555,ella.cooper@example.com
2300000015,Joseph,Fisher,555222111,joseph.fisher@example.com
2300000016,Mia,Kelly,111333555,mia.kelly@example.com
2300000017,David,Perry,777666333,david.perry@example.com
2300000018,Isabella,Wright,444555111,isabella.wright@example.com
2300000019,Michael,Evans,111444555,michael.evans@example.com
2300000020,Emma,Reid,555111444,emma.reid@example.com
2300000021,Christopher,Hughes,222111444,christopher.hughes@example.com
2300000022,Alice,Fletcher,444222111,alice.fletcher@example.com
2300000023,Joshua,Morris,111333222,joshua.morris@example.com
2300000024,Grace,Watson,333444111,grace.watson@example.com
2300000025,Jack,Barnes,777222111,jack.barnes@example.com
2300000026,Sophia,Long,111555888,sophia.long@example.com
2300000027,Matthew,Ross,555111888,matthew.ross@example.com
2300000028,Emily,Harrison,888555111,emily.harrison@example.com
2300000029,William,Powell,111777888,william.powell@example.com
2300000030,Ella,Mitchell,888111777,ella.mitchell@example.com
2300000031,Benjamin,Gray,555111333,benjamin.gray@example.com
2300000032,Olivia,Richards,333111555,olivia.richards@example.com
2300000033,Liam,Kennedy,222444666,liam.kennedy@example.com
2300000034,Abigail,Webster,999888777,abigail.webster@example.com
2300000035,Nathan,Harper,444666888,nathan.harper@example.com
2300000036,Sofia,Lynch,666999111,sofia.lynch@example.com
2300000037,Christopher,Stone,111666999,christopher.stone@example.com
2300000038,Ella,McCarthy,999111666,ella.mccarthy@example.com
2300000039,Logan,Henderson,666333999,logan.henderson@example.com
2300000040,Lily,Rowe,333999666,lily.rowe@example.com
2300000041,Daniel,Cunningham,888444555,daniel.cunningham@example.com